File,Similarity,Refactoring,Added Features,Removed Features,Notes
CHANGES.rst,0%,unknown,False,False,Error in analysis: No JSON found in LLM output
tox.ini,100%,none,False,False,The forked version is a copy of the original with no added or removed features. It appears to be a version control snapshot of the same codebase.
LICENSE.txt,100%,none,False,False,Both files are identical. They represent the same license and disclaimer for the software.
.editorconfig,100%,none,False,False,"The forked version maintains the same configuration as the original, with the only difference being the indent size for specific file types has been adjusted to 2 instead of 4."
README.md,0%,unknown,False,False,Error in analysis: No JSON found in LLM output
.readthedocs.yaml,100%,none,False,False,The two files are identical. There are no changes made to the original file.
.pre-commit-config.yaml,100%,none,False,False,Both files are identical with no additions or removals. The pre-commit configuration for linting and formatting remains the same.
CONTRIBUTING.rst,0%,unknown,False,False,Error in analysis: No JSON found in LLM output
pyproject.toml,100%,none,False,False,The two files are identical in terms of structure and content. The only difference is that the original file is using Pyright instead of PyRight for linting.
.gitignore,100%,none,False,False,The two code files have identical structure and content.
